{
    "admin": {},
    "blacklist": {},
    "bots": {},
    "groupName": {},
    "groupPicture": {},
    "protectCancel": {},
    "protectInvite": {},
    "protectJoin": {},
    "protectKick": {},
    "protectQr": {},
    "restartPoint": "",
    "wordban": [
        "babi",
        "pantek",
        "ngewe",
        "ngntd",
        "tete",
        "mmk",
        "kntl",
        "lacur",
        "lonte",
        "ngentod",
        "pepek",
        "jancok",
        "memek",
        "asu",
        "kontol",
        "tod",
        "kimak",
        "anjing",
        "bangsat"
    ]
}