{
    "RGfoto": {},
    "Rautoadd": true,
    "Rautojoin": true,
    "Rautoread": {},
    "Rautoscan": {},
    "Rbatas": {
        "members": 1,
        "on": true
    },
    "Rblacklist": {},
    "Rdblacklist": {},
    "Rfoto": {},
    "Rgreet": {},
    "Rlimit": 1,
    "Rmessage": "Thanx you for add me info bot silahkan add ==>line.me/ti/tp/p/~zie_rockstar<==",
    "Rmessage1": "assalamualaikum..",
    "Rprotcancel": {},
    "Rprotinvite": {},
    "Rprotkick": {},
    "Rprotqr": {},
    "proJoin": {},
    "RreadMember": {},
    "RreadPoint": {},
    "Rwblacklist": {},
    "byemsg": {},
    "cancel": {},
    "inv": {},
    "kick": {},
    "leftmsg": "She U next Time",
    "qr": {},
    "selfbot": false
}